﻿{"cameraMode":{"drawMode":0,"name":"Shaded","section":"Shading Mode"},"sceneLighting":true,"audioPlay":false,"sceneViewState":{"showFog":true,"showMaterialUpdate":true,"showSkybox":true,"showFlares":true,"showImageEffects":true,"showParticleSystems":true},"in2DMode":false,"pivot":{"x":-2.32763934135437,"y":-42.47845458984375,"z":53.871299743652347},"rotation":{"x":-0.33276915550231936,"y":0.018949884921312333,"z":-0.006688570603728294,"w":-0.9427942037582398},"size":78.8955307006836,"orthographic":false}